{"cameraMode":{"drawMode":0,"name":"Shaded","section":"Shading Mode"},"sceneLighting":true,"audioPlay":false,"sceneViewState":{"m_AlwaysRefresh":false,"showFog":true,"showSkybox":true,"showFlares":true,"showImageEffects":true,"showParticleSystems":true,"showVisualEffectGraphs":true,"m_FxEnabled":true},"in2DMode":false,"pivot":{"x":-0.5291538834571838,"y":6.891874313354492,"z":-0.045972615480422977},"rotation":{"x":-0.09378568828105927,"y":0.6524738073348999,"z":-0.08186228573322296,"w":-0.7475444078445435},"size":4.681985855102539,"orthographic":false}